Survived,Sex,Age,Parch,Fare,Embarked_S,Embarked_C,Embarked_Q,First Class,Second Class,Third Class
0,0,0,0.271173662,0,0.014151058,1,0,0,0,0
1,1,1,0.472229203,0,0.139135735,0,1,0,1,0
2,1,1,0.321437547,0,0.01546857,1,0,0,0,0
3,1,1,0.434531289,0,0.103644298,1,0,0,1,0
4,0,0,0.434531289,0,0.015712554,1,0,0,0,0
6,0,0,0.673284745,0,0.101228858,1,0,0,1,0
7,0,0,0.019854235,0.166666667,0.04113566,1,0,0,0,0
8,1,1,0.334003519,0.333333333,0.021730754,1,0,0,0,0
9,1,1,0.170645891,0,0.058694293,0,1,0,0,1
10,1,1,0.044986177,0.166666667,0.032596229,1,0,0,0,0
11,1,1,0.72354863,0,0.051822149,1,0,0,1,0
12,0,0,0.246041719,0,0.015712554,1,0,0,0,0
13,0,0,0.484795175,0.833333333,0.061044735,1,0,0,0,0
14,0,1,0.170645891,0,0.015330377,1,0,0,0,0
15,1,1,0.685850716,0,0.03122992,1,0,0,0,1
16,0,0,0.019854235,0.166666667,0.056848214,0,0,1,0,0
18,0,1,0.384267404,0,0.03513366,1,0,0,0,0
20,0,0,0.434531289,0,0.05074862,1,0,0,0,1
21,1,0,0.421965318,0,0.02537431,1,0,0,0,1
22,1,1,0.183211862,0,0.015671955,0,0,1,0,0
23,1,0,0.34656949,0,0.069291385,1,0,0,1,0
24,0,1,0.095250063,0.166666667,0.04113566,1,0,0,0,0
25,1,1,0.472229203,0.833333333,0.06126432,1,0,0,0,0
27,0,0,0.233475748,0.333333333,0.513341812,1,0,0,1,0
30,0,0,0.497361146,0,0.054107398,0,1,0,1,0
33,0,0,0.824076401,0,0.020494635,1,0,0,0,1
34,0,0,0.34656949,0,0.16038672,0,1,0,1,0
35,0,0,0.522493089,0,0.10149724,1,0,0,1,0
37,0,0,0.25860769,0,0.015712554,1,0,0,0,0
38,0,1,0.220909776,0,0.03513366,1,0,0,0,0
39,1,1,0.170645891,0,0.021942337,0,1,0,0,0
40,0,1,0.497361146,0,0.018493968,1,0,0,0,0
41,0,1,0.334003519,0,0.04098927,1,0,0,0,1
43,1,1,0.032420206,0.333333333,0.081157193,0,1,0,0,1
44,1,1,0.233475748,0,0.015379174,0,0,1,0,0
49,0,1,0.220909776,0,0.034743286,1,0,0,0,0
50,0,0,0.082684091,0.166666667,0.077464841,1,0,0,0,0
51,0,0,0.25860769,0,0.015224586,1,0,0,0,0
52,1,1,0.610454888,0,0.149765424,0,1,0,1,0
53,1,1,0.359135461,0,0.05074862,1,0,0,0,1
54,0,0,0.81151043,0.166666667,0.120975342,0,1,0,1,0
56,1,1,0.25860769,0,0.020494635,1,0,0,0,1
57,0,0,0.352852476,0,0.014110459,0,1,0,0,0
58,1,1,0.057552149,0.333333333,0.054164393,1,0,0,0,1
59,0,0,0.132947977,0.333333333,0.091542703,1,0,0,0,0
60,0,0,0.271173662,0,0.014110459,0,1,0,0,0
62,0,0,0.560191003,0,0.162932349,1,0,0,1,0
63,0,0,0.044986177,0.333333333,0.054457173,1,0,0,0,0
66,1,1,0.359135461,0,0.020494635,1,0,0,0,1
67,0,0,0.233475748,0,0.015923941,1,0,0,0,0
68,1,1,0.208343805,0.333333333,0.01546857,1,0,0,0,0
69,0,0,0.321437547,0,0.016908074,1,0,0,0,0
70,0,0,0.396833375,0,0.020494635,1,0,0,0,1
71,0,1,0.195777834,0.333333333,0.091542703,1,0,0,0,0
72,0,0,0.25860769,0,0.143462446,1,0,0,0,1
73,0,0,0.321437547,0,0.028212719,0,1,0,0,0
74,1,0,0.396833375,0,0.110272458,1,0,0,0,0
75,0,0,0.308871576,0,0.014931806,1,0,0,0,0
78,1,0,0.005152048,0.333333333,0.05660423,1,0,0,0,1
79,1,1,0.371701433,0,0.024349578,1,0,0,0,0
80,0,0,0.271173662,0,0.01756683,1,0,0,0,0
81,1,0,0.359135461,0,0.018542765,1,0,0,0,0
83,0,0,0.34656949,0,0.091933077,1,0,0,1,0
84,1,1,0.208343805,0,0.020494635,1,0,0,0,1
85,1,1,0.409399347,0,0.03093714,1,0,0,0,0
86,0,0,0.195777834,0.5,0.067095532,1,0,0,0,0
88,1,1,0.283739633,0.333333333,0.513341812,1,0,0,1,0
89,0,0,0.296305604,0,0.015712554,1,0,0,0,0
90,0,0,0.359135461,0,0.015712554,1,0,0,0,0
91,0,0,0.246041719,0,0.015330377,1,0,0,0,0
92,0,0,0.572756974,0,0.119405648,1,0,0,1,0
93,0,0,0.321437547,0.333333333,0.040159725,1,0,0,0,0
94,0,0,0.736114602,0,0.014151058,1,0,0,0,0
96,0,0,0.886906258,0,0.067640494,0,1,0,1,0
97,1,0,0.283739633,0.166666667,0.123667166,0,1,0,1,0
98,1,1,0.421965318,0.166666667,0.04489301,1,0,0,0,1
99,0,0,0.421965318,0,0.05074862,1,0,0,0,1
100,0,1,0.34656949,0,0.015411575,1,0,0,0,0
102,0,0,0.25860769,0.166666667,0.150855153,1,0,0,1,0
103,0,0,0.409399347,0,0.016891873,1,0,0,0,0
104,0,0,0.459663232,0,0.01546857,1,0,0,0,0
105,0,0,0.34656949,0,0.015411575,1,0,0,0,0
106,1,1,0.25860769,0,0.014931806,1,0,0,0,0
108,0,0,0.472229203,0,0.015411575,1,0,0,0,0
110,0,0,0.585322946,0,0.10149724,1,0,0,1,0
111,0,1,0.176928877,0,0.028212719,0,1,0,0,0
112,0,0,0.271173662,0,0.015712554,1,0,0,0,0
113,0,1,0.246041719,0,0.019177123,1,0,0,0,0
114,0,1,0.208343805,0,0.028220722,0,1,0,0,0
115,0,0,0.25860769,0,0.01546857,1,0,0,0,0
116,0,0,0.880623272,0,0.015126993,0,0,1,0,0
117,0,0,0.359135461,0,0.04098927,1,0,0,0,1
118,0,0,0.296305604,0.166666667,0.483128426,0,1,0,1,0
119,0,1,0.019854235,0.333333333,0.061044735,1,0,0,0,0
120,0,0,0.25860769,0,0.143462446,1,0,0,0,1
122,0,0,0.403116361,0,0.058694293,0,1,0,0,1
123,1,1,0.403116361,0,0.02537431,1,0,0,0,1
124,0,0,0.673284745,0.166666667,0.150855153,1,0,0,1,0
125,1,0,0.145513948,0,0.021942337,0,1,0,0,0
127,1,0,0.296305604,0,0.01393967,1,0,0,0,0
129,0,0,0.560191003,0,0.013614293,1,0,0,0,0
130,0,0,0.409399347,0,0.015411575,0,1,0,0,0
131,0,0,0.246041719,0,0.013760684,1,0,0,0,0
132,0,1,0.585322946,0,0.028302115,1,0,0,0,0
133,1,1,0.359135461,0,0.05074862,1,0,0,0,1
134,0,0,0.308871576,0,0.02537431,1,0,0,0,1
135,0,0,0.283739633,0,0.029367446,0,1,0,0,1
136,1,1,0.233475748,0.333333333,0.051301585,1,0,0,1,0
137,0,0,0.459663232,0,0.103644298,1,0,0,1,0
138,0,0,0.195777834,0,0.0179898,1,0,0,0,0
139,0,0,0.296305604,0,0.154588105,0,1,0,1,0
141,1,1,0.271173662,0,0.015126993,1,0,0,0,0
142,1,1,0.296305604,0,0.03093714,1,0,0,0,0
143,0,0,0.233475748,0,0.013175123,0,0,1,0,0
144,0,0,0.220909776,0,0.022446505,1,0,0,0,1
145,0,0,0.233475748,0.166666667,0.071731223,1,0,0,0,1
146,1,0,0.334003519,0,0.015216388,1,0,0,0,0
147,0,1,0.107816034,0.333333333,0.067095532,1,0,0,0,0
148,0,0,0.453380246,0.333333333,0.05074862,1,0,0,0,1
149,0,0,0.522493089,0,0.02537431,1,0,0,0,1
150,0,0,0.635586831,0,0.024447172,1,0,0,0,1
151,1,1,0.271173662,0,0.129994543,1,0,0,1,0
152,0,0,0.692133702,0,0.015712554,1,0,0,0,0
153,0,0,0.503644132,0.333333333,0.028302115,1,0,0,0,0
155,0,0,0.635586831,0.166666667,0.11980422,0,1,0,1,0
156,1,1,0.195777834,0,0.015094396,0,0,1,0,0
157,0,0,0.371701433,0,0.015712554,1,0,0,0,0
160,0,0,0.547625031,0.166666667,0.031425107,1,0,0,0,0
161,1,1,0.497361146,0,0.030741953,1,0,0,0,1
162,0,0,0.321437547,0,0.015175789,1,0,0,0,0
163,0,0,0.208343805,0,0.016908074,1,0,0,0,0
164,0,0,0.007288263,0.166666667,0.077464841,1,0,0,0,0
165,1,0,0.107816034,0.333333333,0.040062132,1,0,0,0,0
167,0,1,0.560191003,0.666666667,0.054457173,1,0,0,0,0
169,0,0,0.34656949,0,0.110272458,1,0,0,0,0
170,0,0,0.761246544,0,0.065387645,1,0,0,1,0
171,0,0,0.044986177,0.166666667,0.056848214,0,0,1,0,0
172,1,1,0.007288263,0.166666667,0.021730754,1,0,0,0,0
173,0,0,0.25860769,0,0.01546857,1,0,0,0,0
174,0,0,0.698416688,0,0.059914211,0,1,0,1,0
175,0,0,0.220909776,0.166666667,0.015330377,1,0,0,0,0
177,0,1,0.62302086,0,0.056043068,0,1,0,1,0
178,0,0,0.371701433,0,0.02537431,1,0,0,0,1
179,0,0,0.447097261,0,0,1,0,0,0,0
182,0,0,0.107816034,0.333333333,0.06126432,1,0,0,0,0
183,1,0,0.007288263,0.166666667,0.07612293,1,0,0,0,1
184,1,1,0.044986177,0.333333333,0.042989937,1,0,0,0,0
187,1,0,0.560191003,0,0.051822149,1,0,0,1,0
188,0,0,0.497361146,0.166666667,0.030253985,0,0,1,0,0
189,0,0,0.447097261,0,0.015411575,1,0,0,0,0
190,1,1,0.396833375,0,0.02537431,1,0,0,0,1
191,0,0,0.233475748,0,0.02537431,1,0,0,0,1
192,1,1,0.233475748,0,0.015330377,1,0,0,0,0
193,1,0,0.032420206,0.166666667,0.05074862,1,0,0,0,1
194,1,1,0.547625031,0,0.054107398,0,1,0,1,0
195,1,1,0.72354863,0,0.285989555,0,1,0,1,0
197,0,0,0.522493089,0.166666667,0.016403906,1,0,0,0,0
199,0,1,0.296305604,0,0.02537431,1,0,0,0,1
200,0,0,0.34656949,0,0.018542765,1,0,0,0,0
202,0,0,0.421965318,0,0.012678957,1,0,0,0,0
203,0,0,0.566473988,0,0.014102261,0,1,0,0,0
204,1,0,0.220909776,0,0.015712554,1,0,0,0,0
205,0,1,0.019854235,0.166666667,0.02042144,1,0,0,0,0
206,0,0,0.396833375,0,0.03093714,1,0,0,0,0
207,1,0,0.321437547,0,0.036670758,0,1,0,0,0
208,1,1,0.195777834,0,0.015126993,0,0,1,0,0
209,1,0,0.497361146,0,0.06050797,0,1,0,1,0
210,0,0,0.296305604,0,0.013760684,1,0,0,0,0
211,1,1,0.434531289,0,0.04098927,1,0,0,0,1
212,0,0,0.271173662,0,0.014151058,1,0,0,0,0
213,0,0,0.371701433,0,0.02537431,1,0,0,0,1
215,1,1,0.384267404,0,0.221098075,0,1,0,1,0
216,1,1,0.334003519,0,0.01546857,1,0,0,0,0
217,0,0,0.522493089,0,0.05270049,1,0,0,0,1
218,1,1,0.396833375,0,0.148911481,0,1,0,1,0
219,0,0,0.371701433,0,0.020494635,1,0,0,0,1
220,1,0,0.195777834,0,0.015712554,1,0,0,0,0
221,0,0,0.334003519,0,0.02537431,1,0,0,0,1
222,0,0,0.635586831,0,0.015712554,1,0,0,0,0
224,1,0,0.472229203,0,0.175668301,1,0,0,1,0
225,0,0,0.271173662,0,0.018249985,1,0,0,0,0
226,1,0,0.233475748,0,0.020494635,1,0,0,0,1
227,0,0,0.252324705,0,0.014151058,1,0,0,0,0
228,0,0,0.220909776,0,0.02537431,1,0,0,0,1
230,1,1,0.434531289,0,0.162932349,1,0,0,1,0
231,0,0,0.359135461,0,0.015175789,1,0,0,0,0
232,0,0,0.736114602,0,0.026350245,1,0,0,0,1
233,1,1,0.057552149,0.333333333,0.06126432,1,0,0,0,0
234,0,0,0.296305604,0,0.020494635,1,0,0,0,1
236,0,0,0.547625031,0,0.05074862,1,0,0,0,1
237,1,1,0.095250063,0.333333333,0.051236588,1,0,0,0,1
238,0,0,0.233475748,0,0.020494635,1,0,0,0,1
239,0,0,0.409399347,0,0.023959204,1,0,0,0,1
242,0,0,0.359135461,0,0.020494635,1,0,0,0,1
243,0,0,0.271173662,0,0.013907074,1,0,0,0,0
244,0,0,0.371701433,0,0.014102261,0,1,0,0,0
245,0,0,0.547625031,0,0.175668301,0,0,1,1,0
246,0,1,0.308871576,0,0.015175789,1,0,0,0,0
247,1,1,0.296305604,0.333333333,0.028302115,1,0,0,0,1
248,1,0,0.459663232,0.166666667,0.102578967,1,0,0,1,0
249,0,0,0.673284745,0,0.05074862,1,0,0,0,1
251,0,1,0.359135461,0.166666667,0.02042144,1,0,0,0,0
252,0,0,0.773812516,0,0.051822149,1,0,0,1,0
253,0,0,0.371701433,0,0.031425107,1,0,0,0,0
254,0,1,0.509927117,0.333333333,0.039452173,1,0,0,0,0
255,1,1,0.359135461,0.333333333,0.02975782,0,1,0,0,0
257,1,1,0.371701433,0,0.168836756,1,0,0,1,0
258,1,1,0.434531289,0,1,0,1,0,1,0
259,1,1,0.62302086,0.166666667,0.05074862,1,0,0,0,1
261,1,0,0.032420206,0.333333333,0.06126432,1,0,0,0,0
262,0,0,0.648152802,0.166666667,0.155466446,1,0,0,1,0
263,0,0,0.497361146,0,0,1,0,0,1,0
265,0,0,0.447097261,0,0.020494635,1,0,0,0,1
266,0,0,0.195777834,0.166666667,0.077464841,1,0,0,0,0
267,1,0,0.308871576,0,0.015175789,1,0,0,0,0
268,1,1,0.72354863,0.166666667,0.299538851,1,0,0,1,0
269,1,1,0.434531289,0,0.26473857,1,0,0,1,0
271,1,0,0.308871576,0,0,1,0,0,0,0
272,1,1,0.509927117,0.166666667,0.038061465,1,0,0,0,1
273,0,0,0.459663232,0.166666667,0.057970539,0,1,0,1,0
275,1,1,0.786378487,0,0.152164468,1,0,0,1,0
276,0,1,0.560191003,0,0.015126993,1,0,0,0,0
278,0,0,0.082684091,0.166666667,0.056848214,0,0,1,0,0
279,1,1,0.434531289,0.166666667,0.039525368,1,0,0,0,0
280,0,0,0.81151043,0,0.015126993,0,0,1,0,0
281,0,0,0.34656949,0,0.015330377,1,0,0,0,0
282,0,0,0.195777834,0,0.018542765,1,0,0,0,0
283,1,0,0.233475748,0,0.015712554,1,0,0,0,0
285,0,0,0.409399347,0,0.016908074,0,1,0,0,0
286,1,0,0.371701433,0,0.018542765,1,0,0,0,0
287,0,0,0.271173662,0,0.015411575,1,0,0,0,0
288,1,0,0.522493089,0,0.02537431,1,0,0,0,1
289,1,1,0.271173662,0,0.015126993,0,0,1,0,0
290,1,1,0.321437547,0,0.15390495,1,0,0,1,0
291,1,1,0.233475748,0,0.177774759,0,1,0,1,0
292,0,0,0.447097261,0,0.025130326,0,1,0,0,1
293,0,1,0.296305604,0,0.01727405,1,0,0,0,0
294,0,0,0.296305604,0,0.015411575,1,0,0,0,0
296,0,0,0.290022619,0,0.014110459,0,1,0,0,0
297,0,1,0.019854235,0.333333333,0.2958059,1,0,0,1,0
299,1,1,0.62302086,0.166666667,0.483128426,0,1,0,1,0
302,0,0,0.233475748,0,0,1,0,0,0,0
305,1,0,0.006282986,0.333333333,0.2958059,1,0,0,1,0
307,1,1,0.208343805,0,0.212558644,0,1,0,1,0
308,0,0,0.371701433,0,0.04684488,0,1,0,0,1
309,1,1,0.371701433,0,0.111118398,0,1,0,1,0
310,1,1,0.296305604,0,0.162314192,0,1,0,1,0
311,1,1,0.220909776,0.333333333,0.512121894,0,1,0,1,0
312,0,1,0.321437547,0.166666667,0.05074862,1,0,0,0,1
313,0,0,0.34656949,0,0.015411575,1,0,0,0,0
314,0,0,0.53505906,0.166666667,0.051236588,1,0,0,0,1
315,1,1,0.321437547,0,0.015330377,1,0,0,0,0
316,1,1,0.296305604,0,0.05074862,1,0,0,0,1
317,0,0,0.673284745,0,0.02732618,1,0,0,0,1
318,1,1,0.384267404,0.333333333,0.321798367,1,0,0,1,0
319,1,1,0.497361146,0.166666667,0.262526516,0,1,0,1,0
320,0,0,0.271173662,0,0.014151058,1,0,0,0,0
321,0,0,0.334003519,0,0.015411575,1,0,0,0,0
322,1,1,0.371701433,0,0.024105595,0,0,1,0,1
323,1,1,0.271173662,0.166666667,0.05660423,1,0,0,0,1
325,1,1,0.447097261,0,0.26473857,0,1,0,1,0
326,0,0,0.761246544,0,0.012174789,1,0,0,0,0
327,1,1,0.447097261,0,0.02537431,1,0,0,0,1
328,1,1,0.384267404,0.166666667,0.040062132,1,0,0,0,0
329,1,1,0.195777834,0.166666667,0.113167862,0,1,0,1,0
331,0,0,0.566473988,0,0.055628295,1,0,0,1,0
332,0,0,0.472229203,0.166666667,0.299538851,1,0,0,1,0
333,0,0,0.195777834,0,0.03513366,1,0,0,0,0
336,0,0,0.359135461,0,0.129994543,1,0,0,1,0
337,1,1,0.509927117,0,0.262526516,0,1,0,1,0
338,1,0,0.560191003,0,0.015712554,1,0,0,0,0
339,0,0,0.560191003,0,0.069291385,1,0,0,1,0
340,1,0,0.019854235,0.166666667,0.05074862,1,0,0,0,1
341,1,1,0.296305604,0.333333333,0.513341812,1,0,0,1,0
342,0,0,0.34656949,0,0.02537431,1,0,0,0,1
343,0,0,0.308871576,0,0.02537431,1,0,0,0,1
344,0,0,0.447097261,0,0.02537431,1,0,0,0,1
345,1,1,0.296305604,0,0.02537431,1,0,0,0,1
346,1,1,0.497361146,0,0.02537431,1,0,0,0,1
348,1,0,0.032420206,0.166666667,0.031034733,1,0,0,0,0
349,0,0,0.522493089,0,0.016908074,1,0,0,0,0
350,0,0,0.283739633,0,0.018006001,1,0,0,0,0
352,0,0,0.183211862,0.166666667,0.014110459,0,1,0,0,0
353,0,0,0.308871576,0,0.034743286,1,0,0,0,0
355,0,0,0.34656949,0,0.018542765,1,0,0,0,0
356,1,1,0.271173662,0.166666667,0.107352851,1,0,0,1,0
357,0,1,0.472229203,0,0.02537431,1,0,0,0,1
360,0,0,0.497361146,0.666666667,0.054457173,1,0,0,0,0
361,0,0,0.359135461,0,0.054107398,0,1,0,0,1
362,0,1,0.560191003,0.166666667,0.028212719,0,1,0,0,0
363,0,0,0.434531289,0,0.013760684,1,0,0,0,0
365,0,0,0.371701433,0,0.014151058,1,0,0,0,0
366,1,1,0.748680573,0,0.146878218,0,1,0,1,0
369,1,1,0.296305604,0,0.135264592,0,1,0,1,0
370,1,0,0.308871576,0,0.108214992,0,1,0,1,0
371,0,0,0.220909776,0,0.012678957,1,0,0,0,0
372,0,0,0.233475748,0,0.015712554,1,0,0,0,0
373,0,0,0.271173662,0,0.26473857,0,1,0,1,0
374,0,1,0.032420206,0.166666667,0.04113566,1,0,0,0,0
376,1,1,0.271173662,0,0.014151058,1,0,0,0,0
377,0,0,0.334003519,0.333333333,0.412820507,0,1,0,1,0
378,0,0,0.246041719,0,0.007831878,0,1,0,0,0
379,0,0,0.233475748,0,0.015175789,1,0,0,0,0
380,1,1,0.522493089,0,0.444099224,0,1,0,1,0
381,1,1,0.007288263,0.333333333,0.030725752,0,1,0,0,0
382,0,0,0.396833375,0,0.01546857,1,0,0,0,0
383,1,1,0.434531289,0,0.10149724,1,0,0,1,0
385,0,0,0.220909776,0,0.143462446,1,0,0,0,1
386,0,0,0.007288263,0.333333333,0.091542703,1,0,0,0,0
387,1,1,0.447097261,0,0.02537431,1,0,0,0,1
389,1,1,0.208343805,0,0.02342244,0,1,0,0,1
390,1,0,0.447097261,0.333333333,0.234224401,1,0,0,1,0
391,1,0,0.25860769,0,0.015216388,1,0,0,0,0
392,0,0,0.34656949,0,0.01546857,1,0,0,0,0
393,1,1,0.283739633,0,0.221098075,0,1,0,1,0
394,1,1,0.296305604,0.333333333,0.032596229,1,0,0,0,0
395,0,0,0.271173662,0,0.015216388,1,0,0,0,0
396,0,1,0.384267404,0,0.015330377,1,0,0,0,0
397,0,0,0.572756974,0,0.05074862,1,0,0,0,1
398,0,0,0.283739633,0,0.020494635,1,0,0,0,1
399,1,1,0.34656949,0,0.024691156,1,0,0,0,1
400,1,0,0.484795175,0,0.01546857,1,0,0,0,0
401,0,0,0.321437547,0,0.015712554,1,0,0,0,0
402,0,1,0.25860769,0,0.019177123,1,0,0,0,0
403,0,0,0.34656949,0,0.03093714,1,0,0,0,0
404,0,1,0.246041719,0,0.016908074,1,0,0,0,0
405,0,0,0.421965318,0,0.04098927,1,0,0,0,1
406,0,0,0.635586831,0,0.015126993,1,0,0,0,0
407,1,0,0.032420206,0.166666667,0.036597563,1,0,0,0,1
408,0,0,0.25860769,0,0.015175789,1,0,0,0,0
412,1,1,0.409399347,0,0.175668301,0,0,1,1,0
414,1,0,0.547625031,0,0.01546857,1,0,0,0,0
416,1,1,0.421965318,0.166666667,0.063435775,1,0,0,0,1
417,1,1,0.220909776,0.333333333,0.02537431,1,0,0,0,1
418,0,0,0.371701433,0,0.02537431,1,0,0,0,1
419,0,1,0.120382006,0.333333333,0.047137661,1,0,0,0,0
421,0,0,0.25860769,0,0.015094396,0,0,1,0,0
422,0,0,0.359135461,0,0.015370976,1,0,0,0,0
423,0,1,0.34656949,0.166666667,0.028106928,1,0,0,0,0
424,0,0,0.220909776,0.166666667,0.039452173,1,0,0,0,0
426,1,1,0.34656949,0,0.05074862,1,0,0,0,1
427,1,1,0.233475748,0,0.05074862,1,0,0,0,1
429,1,0,0.396833375,0,0.015712554,1,0,0,0,0
430,1,0,0.34656949,0,0.051822149,1,0,0,1,0
432,1,1,0.522493089,0,0.05074862,1,0,0,0,1
433,0,0,0.208343805,0,0.013907074,1,0,0,0,0
434,0,0,0.62302086,0,0.109109534,1,0,0,1,0
435,1,1,0.170645891,0.333333333,0.234224401,1,0,0,1,0
436,0,1,0.25860769,0.333333333,0.067095532,1,0,0,0,0
437,1,1,0.296305604,0.5,0.036597563,1,0,0,0,1
438,0,0,0.798944458,0.666666667,0.513341812,1,0,0,1,0
439,0,0,0.384267404,0,0.020494635,1,0,0,0,1
440,1,1,0.560191003,0.166666667,0.051236588,1,0,0,0,1
441,0,0,0.246041719,0,0.018542765,1,0,0,0,0
442,0,0,0.308871576,0,0.015175789,1,0,0,0,0
443,1,1,0.34656949,0,0.02537431,1,0,0,0,1
445,1,0,0.044986177,0.333333333,0.159776761,1,0,0,1,0
446,1,1,0.15807992,0.166666667,0.038061465,1,0,0,0,1
447,1,0,0.421965318,0,0.051822149,1,0,0,1,0
448,1,1,0.057552149,0.166666667,0.037589698,0,1,0,0,0
449,1,0,0.648152802,0,0.059532035,1,0,0,1,0
450,0,0,0.447097261,0.333333333,0.054164393,1,0,0,0,1
452,0,0,0.371701433,0,0.054164393,0,1,0,1,0
453,1,0,0.610454888,0,0.173919816,0,1,0,1,0
455,1,0,0.359135461,0,0.015411575,0,1,0,0,0
456,0,0,0.81151043,0,0.051822149,1,0,0,1,0
458,1,1,0.62302086,0,0.020494635,1,0,0,0,1
460,1,0,0.597888917,0,0.051822149,1,0,0,1,0
461,0,0,0.421965318,0,0.015712554,1,0,0,0,0
462,0,0,0.585322946,0,0.075146995,1,0,0,1,0
463,0,0,0.597888917,0,0.02537431,1,0,0,0,1
465,0,0,0.472229203,0,0.013760684,1,0,0,0,0
467,0,0,0.698416688,0,0.051822149,1,0,0,1,0
469,1,1,0.004146771,0.166666667,0.037589698,0,1,0,0,0
471,0,0,0.472229203,0,0.016908074,1,0,0,0,0
472,1,1,0.409399347,0.333333333,0.054164393,1,0,0,0,1
473,1,1,0.283739633,0,0.026919606,0,1,0,0,1
474,0,1,0.271173662,0,0.019201521,1,0,0,0,0
476,0,0,0.421965318,0,0.04098927,1,0,0,0,1
477,0,0,0.359135461,0,0.013752486,1,0,0,0,0
478,0,0,0.271173662,0,0.014679624,1,0,0,0,0
479,1,1,0.019854235,0.166666667,0.023983603,1,0,0,0,0
480,0,0,0.107816034,0.333333333,0.091542703,1,0,0,0,0
482,0,0,0.62302086,0,0.015712554,1,0,0,0,0
483,1,1,0.786378487,0,0.018713554,1,0,0,0,0
484,1,0,0.308871576,0,0.177774759,0,1,0,1,0
486,1,1,0.434531289,0,0.175668301,1,0,0,1,0
487,0,0,0.72354863,0,0.057970539,0,1,0,1,0
488,0,0,0.371701433,0,0.015712554,1,0,0,0,0
489,1,0,0.107816034,0.166666667,0.031034733,1,0,0,0,0
491,0,0,0.25860769,0,0.014151058,1,0,0,0,0
492,0,0,0.685850716,0,0.059532035,1,0,0,1,0
493,0,0,0.886906258,0,0.096625763,0,1,0,1,0
494,0,0,0.25860769,0,0.015712554,1,0,0,0,0
496,1,1,0.673284745,0,0.152766424,0,1,0,1,0
498,0,1,0.308871576,0.333333333,0.2958059,1,0,0,1,0
499,0,0,0.296305604,0,0.015216388,1,0,0,0,0
500,0,0,0.208343805,0,0.016908074,1,0,0,0,0
501,0,1,0.25860769,0,0.015126993,0,0,1,0,0
503,0,1,0.459663232,0,0.018713554,1,0,0,0,0
504,1,1,0.195777834,0,0.168836756,1,0,0,1,0
505,0,0,0.220909776,0,0.212558644,0,1,0,1,0
506,1,1,0.409399347,0.333333333,0.05074862,1,0,0,0,1
508,0,0,0.34656949,0,0.043965872,1,0,0,0,0
509,1,0,0.321437547,0,0.110272458,1,0,0,0,0
510,1,0,0.359135461,0,0.015126993,0,0,1,0,0
512,1,0,0.447097261,0,0.051309783,1,0,0,1,0
513,1,1,0.673284745,0,0.115941079,0,1,0,1,0
514,0,0,0.296305604,0,0.014630827,1,0,0,0,0
515,0,0,0.585322946,0,0.066404179,1,0,0,1,0
516,1,1,0.421965318,0,0.020494635,1,0,0,0,1
518,1,1,0.447097261,0,0.05074862,1,0,0,0,1
519,0,0,0.396833375,0,0.015411575,1,0,0,0,0
520,1,1,0.371701433,0,0.182499846,1,0,0,1,0
521,0,0,0.271173662,0,0.015411575,1,0,0,0,0
523,1,1,0.547625031,0.166666667,0.113167862,0,1,0,1,0
525,0,0,0.503644132,0,0.015126993,0,0,1,0,0
526,1,1,0.62302086,0,0.020494635,1,0,0,0,1
528,0,0,0.484795175,0,0.01546857,1,0,0,0,0
529,0,0,0.283739633,0.166666667,0.022446505,1,0,0,0,1
530,1,1,0.019854235,0.166666667,0.05074862,1,0,0,0,1
532,0,0,0.208343805,0.166666667,0.014110459,0,1,0,0,0
534,0,1,0.371701433,0,0.016908074,1,0,0,0,0
535,1,1,0.082684091,0.333333333,0.051236588,1,0,0,0,1
536,0,0,0.560191003,0,0.051822149,1,0,0,1,0
537,1,1,0.371701433,0,0.207727766,0,1,0,1,0
539,1,1,0.271173662,0.333333333,0.096617565,0,1,0,1,0
540,1,1,0.447097261,0.333333333,0.138582771,1,0,0,1,0
541,0,1,0.107816034,0.333333333,0.061044735,1,0,0,0,0
542,0,1,0.132947977,0.333333333,0.061044735,1,0,0,0,0
543,1,0,0.396833375,0,0.05074862,1,0,0,0,1
544,0,0,0.62302086,0,0.207727766,0,1,0,1,0
545,0,0,0.798944458,0,0.05074862,1,0,0,1,0
546,1,1,0.233475748,0,0.05074862,1,0,0,0,1
548,0,0,0.409399347,0.166666667,0.040062132,1,0,0,0,0
549,1,0,0.095250063,0.166666667,0.071731223,1,0,0,0,1
550,1,0,0.208343805,0.333333333,0.216429788,0,1,0,1,0
551,0,0,0.334003519,0,0.05074862,1,0,0,0,1
553,1,0,0.271173662,0,0.014102261,0,1,0,0,0
554,1,1,0.271173662,0,0.015175789,1,0,0,0,0
555,0,0,0.773812516,0,0.051822149,1,0,0,1,0
556,1,1,0.597888917,0,0.077294052,0,1,0,1,0
558,1,1,0.484795175,0.166666667,0.155466446,1,0,0,1,0
559,1,1,0.447097261,0,0.033962538,1,0,0,0,0
561,0,0,0.497361146,0,0.015411575,1,0,0,0,0
562,0,0,0.34656949,0,0.026350245,1,0,0,0,1
565,0,0,0.296305604,0,0.047137661,1,0,0,0,0
566,0,0,0.233475748,0,0.015411575,1,0,0,0,0
567,0,1,0.359135461,0.666666667,0.04113566,1,0,0,0,0
569,1,0,0.396833375,0,0.015330377,1,0,0,0,0
570,1,0,0.773812516,0,0.020494635,1,0,0,0,1
571,1,1,0.660718774,0,0.100480707,1,0,0,1,0
572,1,0,0.447097261,0,0.05150497,1,0,0,1,0
574,0,0,0.195777834,0,0.015712554,1,0,0,0,0
575,0,0,0.233475748,0,0.028302115,1,0,0,0,0
576,1,1,0.421965318,0,0.02537431,1,0,0,0,1
577,1,1,0.484795175,0,0.109109534,1,0,0,1,0
579,1,0,0.396833375,0,0.01546857,1,0,0,0,0
580,1,1,0.308871576,0.166666667,0.0585561,1,0,0,0,1
581,1,1,0.484795175,0.166666667,0.216429788,0,1,0,1,0
582,0,0,0.673284745,0,0.05074862,1,0,0,0,1
583,0,0,0.447097261,0,0.078318784,0,1,0,1,0
585,1,1,0.220909776,0.333333333,0.155466446,1,0,0,1,0
586,0,0,0.585322946,0,0.02927805,1,0,0,0,1
587,1,0,0.748680573,0.166666667,0.154588105,0,1,0,1,0
588,0,0,0.271173662,0,0.015712554,1,0,0,0,0
590,0,0,0.434531289,0,0.013907074,1,0,0,0,0
591,1,1,0.648152802,0,0.152766424,0,1,0,1,0
592,0,0,0.585322946,0,0.014151058,1,0,0,0,0
594,0,0,0.459663232,0,0.05074862,1,0,0,0,1
595,0,0,0.447097261,0.166666667,0.047137661,1,0,0,0,0
597,0,0,0.610454888,0,0,1,0,0,0,0
599,1,0,0.610454888,0,0.111118398,0,1,0,1,0
600,1,1,0.296305604,0.166666667,0.05270049,1,0,0,0,1
603,0,0,0.547625031,0,0.015712554,1,0,0,0,0
604,1,0,0.434531289,0,0.051822149,0,1,0,1,0
605,0,0,0.447097261,0,0.030351579,1,0,0,0,0
606,0,0,0.371701433,0,0.015411575,1,0,0,0,0
607,1,0,0.334003519,0,0.059532035,1,0,0,1,0
608,1,1,0.271173662,0.333333333,0.081157193,0,1,0,0,1
609,1,1,0.497361146,0,0.299538851,1,0,0,1,0
610,0,1,0.484795175,0.833333333,0.061044735,1,0,0,0,0
614,0,0,0.434531289,0,0.015712554,1,0,0,0,0
615,1,1,0.296305604,0.333333333,0.126871551,1,0,0,0,1
616,0,0,0.421965318,0.166666667,0.028106928,1,0,0,0,0
617,0,1,0.321437547,0,0.031425107,1,0,0,0,0
618,1,1,0.044986177,0.166666667,0.07612293,1,0,0,0,1
619,0,0,0.321437547,0,0.020494635,1,0,0,0,1
620,0,0,0.334003519,0,0.028212719,0,1,0,0,0
621,1,0,0.522493089,0,0.102578967,1,0,0,1,0
622,1,0,0.246041719,0.166666667,0.030725752,0,1,0,0,0
623,0,0,0.25860769,0,0.015330377,1,0,0,0,0
624,0,0,0.25860769,0,0.031425107,1,0,0,0,0
625,0,0,0.761246544,0,0.063086,1,0,0,1,0
626,0,0,0.710982659,0,0.024105595,0,0,1,0,1
627,1,1,0.25860769,0,0.152164468,1,0,0,1,0
628,0,0,0.321437547,0,0.015411575,1,0,0,0,0
630,1,0,1,0,0.0585561,1,0,0,1,0
631,0,0,0.635586831,0,0.013768881,1,0,0,0,0
632,1,0,0.396833375,0,0.059532035,0,1,0,1,0
634,0,1,0.107816034,0.333333333,0.054457173,1,0,0,0,0
635,1,1,0.34656949,0,0.02537431,1,0,0,0,1
636,0,0,0.396833375,0,0.01546857,1,0,0,0,0
637,0,0,0.384267404,0.166666667,0.051236588,1,0,0,0,1
638,0,1,0.509927117,0.833333333,0.077464841,1,0,0,0,0
640,0,0,0.246041719,0,0.015330377,1,0,0,0,0
641,1,1,0.296305604,0,0.135264592,0,1,0,1,0
642,0,1,0.019854235,0.333333333,0.054457173,1,0,0,0,0
644,1,1,0.004146771,0.166666667,0.037589698,0,1,0,0,0
645,1,0,0.597888917,0,0.149765424,0,1,0,1,0
646,0,0,0.233475748,0,0.015411575,1,0,0,0,0
647,1,0,0.698416688,0,0.069291385,0,1,0,1,0
649,1,1,0.283739633,0,0.014736619,1,0,0,0,0
651,1,1,0.220909776,0.166666667,0.04489301,1,0,0,0,1
652,0,0,0.25860769,0,0.016460705,1,0,0,0,0
654,0,1,0.220909776,0,0.013175123,0,0,1,0,0
655,0,0,0.296305604,0,0.143462446,1,0,0,0,1
657,0,1,0.396833375,0.166666667,0.030253985,0,0,1,0,0
658,0,0,0.283739633,0,0.02537431,1,0,0,0,1
659,0,0,0.72354863,0.333333333,0.221098075,0,1,0,1,0
660,1,0,0.62302086,0,0.260867427,1,0,0,1,0
661,0,0,0.497361146,0,0.014102261,0,1,0,0,0
662,0,0,0.585322946,0,0.049943474,1,0,0,1,0
663,0,0,0.447097261,0,0.014630827,1,0,0,0,0
664,1,0,0.246041719,0,0.01546857,1,0,0,0,0
665,0,0,0.396833375,0,0.143462446,1,0,0,0,1
666,0,0,0.308871576,0,0.02537431,1,0,0,0,1
668,0,0,0.53505906,0,0.015712554,1,0,0,0,0
670,1,1,0.497361146,0.166666667,0.07612293,1,0,0,0,1
671,0,0,0.384267404,0,0.10149724,1,0,0,1,0
672,0,0,0.874340287,0,0.020494635,1,0,0,0,1
673,1,0,0.384267404,0,0.02537431,1,0,0,0,1
675,0,0,0.220909776,0,0.015175789,1,0,0,0,0
676,0,0,0.30258859,0,0.015712554,1,0,0,0,0
677,1,1,0.220909776,0,0.019209719,1,0,0,0,0
678,0,1,0.53505906,1,0.091542703,1,0,0,0,0
679,1,0,0.447097261,0.166666667,1,0,1,0,1,0
681,1,0,0.334003519,0,0.149765424,0,1,0,1,0
682,0,0,0.246041719,0,0.018006001,1,0,0,0,0
683,0,0,0.170645891,0.333333333,0.091542703,1,0,0,0,0
684,0,0,0.748680573,0.166666667,0.07612293,1,0,0,0,1
685,0,0,0.308871576,0.333333333,0.081157193,0,1,0,0,1
686,0,0,0.170645891,0.166666667,0.077464841,1,0,0,0,0
687,0,0,0.233475748,0,0.019852079,1,0,0,0,0
688,0,0,0.220909776,0,0.015216388,1,0,0,0,0
689,1,1,0.183211862,0.166666667,0.412503328,1,0,0,1,0
690,1,0,0.384267404,0,0.111256591,1,0,0,1,0
691,1,1,0.044986177,0.166666667,0.026187654,0,1,0,0,0
693,0,0,0.308871576,0,0.014102261,0,1,0,0,0
694,0,0,0.748680573,0,0.051822149,1,0,0,1,0
695,0,0,0.648152802,0,0.026350245,1,0,0,0,1
696,0,0,0.547625031,0,0.015712554,1,0,0,0,0
698,0,0,0.610454888,0.166666667,0.216429788,0,1,0,1,0
699,0,0,0.522493089,0,0.014931806,1,0,0,0,0
700,1,1,0.220909776,0,0.444099224,0,1,0,1,0
701,1,0,0.434531289,0,0.051309783,1,0,0,1,0
702,0,1,0.220909776,0.166666667,0.028212719,0,1,0,0,0
703,0,0,0.308871576,0,0.015110792,0,0,1,0,0
704,0,0,0.321437547,0,0.015330377,1,0,0,0,0
705,0,0,0.484795175,0,0.05074862,1,0,0,0,1
706,1,1,0.560191003,0,0.026350245,1,0,0,0,1
707,1,0,0.522493089,0,0.051309783,1,0,0,1,0
708,1,1,0.271173662,0,0.2958059,1,0,0,1,0
710,1,1,0.296305604,0,0.096625763,0,1,0,1,0
712,1,0,0.597888917,0,0.10149724,1,0,0,1,0
713,0,0,0.359135461,0,0.018510169,1,0,0,0,0
714,0,0,0.648152802,0,0.02537431,1,0,0,0,1
715,0,0,0.233475748,0,0.014931806,1,0,0,0,0
716,1,1,0.472229203,0,0.444099224,0,1,0,1,0
717,1,1,0.334003519,0,0.020494635,1,0,0,0,1
719,0,0,0.409399347,0,0.015175789,1,0,0,0,0
720,1,1,0.07011812,0.166666667,0.06441171,1,0,0,0,1
721,0,0,0.208343805,0,0.013768881,1,0,0,0,0
722,0,0,0.421965318,0,0.02537431,1,0,0,0,1
723,0,0,0.62302086,0,0.02537431,1,0,0,0,1
724,1,0,0.334003519,0,0.103644298,1,0,0,1,0
725,0,0,0.246041719,0,0.016908074,1,0,0,0,0
726,1,1,0.371701433,0,0.04098927,1,0,0,0,1
728,0,0,0.308871576,0,0.05074862,1,0,0,0,1
729,0,1,0.308871576,0,0.01546857,1,0,0,0,0
730,1,1,0.359135461,0,0.412503328,1,0,0,1,0
731,0,0,0.132947977,0,0.036670758,0,1,0,0,0
733,0,0,0.283739633,0,0.02537431,1,0,0,0,1
734,0,0,0.283739633,0,0.02537431,1,0,0,0,1
735,0,0,0.352852476,0,0.031425107,1,0,0,0,0
736,0,1,0.597888917,0.5,0.067095532,1,0,0,0,0
737,1,0,0.434531289,0,1,0,1,0,1,0
741,0,0,0.447097261,0,0.15390495,1,0,0,1,0
742,1,1,0.25860769,0.333333333,0.512121894,0,1,0,1,0
743,0,0,0.296305604,0,0.031425107,1,0,0,0,0
744,1,0,0.384267404,0,0.01546857,1,0,0,0,0
745,0,0,0.874340287,0.166666667,0.138582771,1,0,0,1,0
746,0,0,0.195777834,0.166666667,0.039525368,1,0,0,0,0
747,1,1,0.371701433,0,0.02537431,1,0,0,0,1
748,0,0,0.233475748,0,0.103644298,1,0,0,1,0
749,0,0,0.384267404,0,0.015126993,0,0,1,0,0
750,1,1,0.044986177,0.166666667,0.04489301,1,0,0,0,1
751,1,0,0.07011812,0.166666667,0.024349578,1,0,0,0,0
752,0,0,0.409399347,0,0.018542765,1,0,0,0,0
753,0,0,0.283739633,0,0.015411575,1,0,0,0,0
754,1,1,0.597888917,0.333333333,0.126871551,1,0,0,0,1
755,1,0,0.003141493,0.166666667,0.028302115,1,0,0,0,1
756,0,0,0.34656949,0,0.015216388,1,0,0,0,0
757,0,0,0.220909776,0,0.022446505,1,0,0,0,1
758,0,0,0.421965318,0,0.015712554,1,0,0,0,0
759,1,1,0.409399347,0,0.168836756,1,0,0,1,0
761,0,0,0.509927117,0,0.013907074,1,0,0,0,0
762,1,0,0.246041719,0,0.014110459,0,1,0,0,0
763,1,1,0.447097261,0.333333333,0.234224401,1,0,0,1,0
764,0,0,0.195777834,0,0.015175789,1,0,0,0,0
765,1,1,0.635586831,0,0.152164468,1,0,0,1,0
767,0,1,0.377984418,0,0.015126993,0,0,1,0,0
769,0,0,0.396833375,0,0.016322513,1,0,0,0,0
770,0,0,0.296305604,0,0.018542765,1,0,0,0,0
771,0,0,0.597888917,0,0.015330377,1,0,0,0,0
772,0,1,0.710982659,0,0.020494635,1,0,0,0,1
774,1,1,0.673284745,0.5,0.04489301,1,0,0,0,1
775,0,0,0.220909776,0,0.015126993,1,0,0,0,0
777,1,1,0.057552149,0,0.024349578,1,0,0,0,0
779,1,1,0.53505906,0.166666667,0.412503328,1,0,0,1,0
780,1,1,0.15807992,0,0.014110459,0,1,0,0,0
781,1,1,0.208343805,0,0.111256591,1,0,0,1,0
782,0,0,0.359135461,0,0.0585561,1,0,0,1,0
784,0,0,0.308871576,0,0.013760684,1,0,0,0,0
785,0,0,0.308871576,0,0.014151058,1,0,0,0,0
786,1,1,0.220909776,0,0.014630827,1,0,0,0,0
787,0,0,0.095250063,0.166666667,0.056848214,0,0,1,0,0
788,1,0,0.007288263,0.333333333,0.040159725,1,0,0,0,0
789,0,0,0.572756974,0,0.154588105,0,1,0,1,0
791,0,0,0.195777834,0,0.05074862,1,0,0,0,1
794,0,0,0.308871576,0,0.015411575,1,0,0,0,0
795,0,0,0.484795175,0,0.02537431,1,0,0,0,1
796,1,1,0.610454888,0,0.050610428,1,0,0,1,0
797,1,1,0.384267404,0,0.016948673,1,0,0,0,0
798,0,0,0.371701433,0,0.014110459,0,1,0,0,0
799,0,1,0.371701433,0.166666667,0.047137661,1,0,0,0,0
800,0,0,0.421965318,0,0.02537431,1,0,0,0,1
801,1,1,0.384267404,0.166666667,0.051236588,1,0,0,0,1
802,1,0,0.132947977,0.333333333,0.234224401,1,0,0,1,0
803,1,0,0,0.166666667,0.016623491,0,1,0,0,0
804,1,0,0.334003519,0,0.013614293,1,0,0,0,0
805,0,0,0.384267404,0,0.015175789,1,0,0,0,0
806,0,0,0.484795175,0,0,1,0,0,1,0
807,0,1,0.220909776,0,0.015175789,1,0,0,0,0
808,0,0,0.484795175,0,0.02537431,1,0,0,0,1
809,1,1,0.409399347,0,0.103644298,1,0,0,1,0
810,0,0,0.321437547,0,0.015395375,1,0,0,0,0
811,0,0,0.484795175,0,0.047137661,1,0,0,0,0
812,0,0,0.434531289,0,0.020494635,1,0,0,0,1
813,0,1,0.07011812,0.333333333,0.061044735,1,0,0,0,0
814,0,0,0.377984418,0,0.015712554,1,0,0,0,0
816,0,1,0.283739633,0,0.01546857,1,0,0,0,0
817,0,0,0.384267404,0.166666667,0.072227388,0,1,0,0,1
818,0,0,0.53505906,0,0.012589562,1,0,0,0,0
819,0,0,0.120382006,0.333333333,0.054457173,1,0,0,0,0
820,1,1,0.648152802,0.166666667,0.182499846,1,0,0,1,0
821,1,0,0.334003519,0,0.016908074,1,0,0,0,0
822,0,0,0.472229203,0,0,1,0,0,1,0
823,1,1,0.334003519,0.166666667,0.024349578,1,0,0,0,0
824,0,0,0.019854235,0.166666667,0.077464841,1,0,0,0,0
827,1,0,0.007288263,0.333333333,0.072227388,0,1,0,0,1
830,1,1,0.183211862,0,0.028212719,0,1,0,0,0
831,1,0,0.005152048,0.166666667,0.036597563,1,0,0,0,1
833,0,0,0.283739633,0,0.015330377,1,0,0,0,0
834,0,0,0.220909776,0,0.016200521,1,0,0,0,0
835,1,1,0.484795175,0.166666667,0.162314192,0,1,0,1,0
836,0,0,0.25860769,0,0.016908074,1,0,0,0,0
838,1,0,0.396833375,0,0.110272458,1,0,0,0,0
840,0,0,0.246041719,0,0.01546857,1,0,0,0,0
841,0,0,0.195777834,0,0.020494635,1,0,0,0,1
842,1,1,0.371701433,0,0.06050797,0,1,0,1,0
843,0,0,0.428248304,0,0.012565163,0,1,0,0,0
844,0,0,0.208343805,0,0.016908074,1,0,0,0,0
845,0,0,0.522493089,0,0.014736619,1,0,0,0,0
847,0,0,0.434531289,0,0.015411575,0,1,0,0,0
848,0,0,0.34656949,0.166666667,0.06441171,1,0,0,0,1
850,0,0,0.044986177,0.333333333,0.061044735,1,0,0,0,0
851,0,0,0.924604172,0,0.015175789,1,0,0,0,0
852,0,1,0.107816034,0.166666667,0.02975782,0,1,0,0,0
853,1,1,0.195777834,0.166666667,0.076903678,1,0,0,1,0
854,0,1,0.547625031,0,0.05074862,1,0,0,0,1
855,1,1,0.220909776,0.166666667,0.018249985,1,0,0,0,0
856,1,1,0.560191003,0.166666667,0.321798367,1,0,0,1,0
857,1,0,0.635586831,0,0.051822149,1,0,0,1,0
858,1,1,0.296305604,0.5,0.037589698,0,1,0,0,0
860,0,0,0.509927117,0,0.027537568,1,0,0,0,0
861,0,0,0.25860769,0,0.022446505,1,0,0,0,1
862,1,1,0.597888917,0,0.050610428,1,0,0,1,0
864,0,0,0.296305604,0,0.02537431,1,0,0,0,1
865,1,1,0.522493089,0,0.02537431,1,0,0,0,1
866,1,1,0.334003519,0,0.0270496,0,1,0,0,1
867,0,0,0.384267404,0,0.098561238,1,0,0,1,0
869,1,0,0.044986177,0.166666667,0.021730754,1,0,0,0,0
870,0,0,0.321437547,0,0.015411575,1,0,0,0,0
871,1,1,0.585322946,0.166666667,0.102578967,1,0,0,1,0
872,0,0,0.409399347,0,0.00975935,1,0,0,1,0
873,0,0,0.585322946,0,0.01756683,1,0,0,0,0
874,1,1,0.34656949,0,0.04684488,0,1,0,0,1
875,1,1,0.183211862,0,0.014102261,0,1,0,0,0
876,0,0,0.246041719,0,0.019217722,1,0,0,0,0
877,0,0,0.233475748,0,0.015411575,1,0,0,0,0
879,1,1,0.698416688,0.166666667,0.162314192,0,1,0,1,0
880,1,1,0.308871576,0.166666667,0.05074862,1,0,0,0,1
881,0,0,0.409399347,0,0.015411575,1,0,0,0,0
882,0,1,0.271173662,0,0.020527231,1,0,0,0,0
883,0,0,0.34656949,0,0.020494635,1,0,0,0,1
884,0,0,0.308871576,0,0.013760684,1,0,0,0,0
885,0,1,0.484795175,0.833333333,0.056848214,0,0,1,0,0
886,0,0,0.334003519,0,0.02537431,1,0,0,0,1
887,1,1,0.233475748,0,0.0585561,1,0,0,1,0
889,1,0,0.321437547,0,0.0585561,0,1,0,1,0
890,0,0,0.396833375,0,0.015126993,0,0,1,0,0
